INSERT INTO factura (solicitud_id, numero_factura, fecha, total, pagada) VALUES
(1,'F-2025-0001','2025-11-15 12:00:00',2500.00,false),
(2,'F-2025-0002','2025-11-15 12:05:00',3200.00,false),
(3,'F-2025-0003','2025-11-15 12:10:00',2800.00,false),
(4,'F-2025-0004','2025-11-14 11:00:00',1150.00,true),
(5,'F-2025-0005','2025-11-13 10:00:00',820.00,true),
(6,'F-2025-0006','2025-11-15 10:30:00',900.00,false),
(7,'F-2025-0007','2025-11-15 09:00:00',1250.00,false),
(8,'F-2025-0008','2025-11-15 09:10:00',1180.00,false),
(9,'F-2025-0009','2025-11-15 10:30:00',1120.00,false),
(10,'F-2025-0010','2025-11-12 07:00:00',1020.00,true),
(11,'F-2025-0011','2025-11-13 15:00:00',54000.00,false),
(12,'F-2025-0012','2025-11-13 15:05:00',49500.00,false),
(13,'F-2025-0013','2025-11-15 20:05:00',43000.00,false),
(14,'F-2025-0014','2025-11-13 23:00:00',44750.00,false),
(15,'F-2025-0015','2025-11-14 08:00:00',52500.00,false),
(16,'F-2025-0016','2025-11-15 08:30:00',40200.00,false),
(17,'F-2025-0017','2025-11-14 22:00:00',42300.00,false),
(18,'F-2025-0018','2025-11-15 13:00:00',56000.00,false),
(19,'F-2025-0019','2025-11-12 16:00:00',46000.00,false),
(20,'F-2025-0020','2025-11-10 14:00:00',43500.00,true),
(21,'F-2025-0021','2025-11-15 12:20:00',2600.00,false),
(22,'F-2025-0022','2025-11-15 12:25:00',3000.00,false),
(23,'F-2025-0023','2025-11-15 12:30:00',2900.00,false),
(24,'F-2025-0024','2025-11-15 12:35:00',2200.00,false),
(25,'F-2025-0025','2025-11-10 11:40:00',835.00,true),
(26,'F-2025-0026','2025-11-15 12:40:00',1750.00,false),
(27,'F-2025-0027','2025-11-15 12:45:00',2550.00,false),
(28,'F-2025-0028','2025-11-15 12:50:00',2450.00,false),
(29,'F-2025-0029','2025-11-15 12:55:00',2350.00,false),
(30,'F-2025-0030','2025-11-11 09:10:00',1035.00,true),
(31,'F-2025-0031','2025-11-15 13:00:00',11200.00,false),
(32,'F-2025-0032','2025-11-15 13:05:00',10800.00,false),
(33,'F-2025-0033','2025-11-15 13:10:00',9700.00,false),
(34,'F-2025-0034','2025-11-15 13:15:00',10100.00,false),
(35,'F-2025-0035','2025-11-15 13:20:00',11700.00,false),
(36,'F-2025-0036','2025-11-15 13:25:00',40700.00,false),
(37,'F-2025-0037','2025-11-15 13:30:00',41800.00,false),
(38,'F-2025-0038','2025-11-15 13:35:00',12600.00,false),
(39,'F-2025-0039','2025-11-15 13:40:00',10500.00,false),
(40,'F-2025-0040','2025-11-15 13:45:00',9900.00,false);

INSERT INTO detalle_factura (factura_id, descripcion, monto) VALUES
(1,'Transporte urbano','2000.00'),
(1,'Estadia deposito','500.00'),
(2,'Transporte urbano','3000.00'),
(2,'Peajes','200.00'),
(3,'Transporte urbano','2600.00'),
(3,'Seguro de carga','200.00'),
(4,'Transporte y maniobras','1150.00'),
(5,'Transporte y maniobras','820.00'),
(6,'Transporte urbano','900.00'),
(7,'Transporte urbano','1250.00'),
(8,'Transporte urbano','1180.00'),
(9,'Transporte urbano','1120.00'),
(10,'Transporte urbano','1020.00'),
(11,'Transporte interprovincial','54000.00'),
(12,'Transporte interprovincial','49500.00'),
(13,'Transporte interprovincial','43000.00'),
(14,'Transporte interprovincial','44750.00'),
(15,'Transporte interprovincial','52500.00'),
(16,'Transporte interprovincial','40200.00'),
(17,'Transporte interprovincial','42300.00'),
(18,'Transporte interprovincial','56000.00'),
(19,'Transporte interprovincial','46000.00'),
(20,'Transporte interprovincial','43500.00'),
(21,'Transporte urbano','2600.00'),
(22,'Transporte urbano','3000.00'),
(23,'Transporte urbano','2900.00'),
(24,'Transporte urbano','2200.00'),
(25,'Transporte y maniobras','835.00'),
(26,'Transporte urbano','1750.00'),
(27,'Transporte urbano','2550.00'),
(28,'Transporte urbano','2450.00'),
(29,'Transporte urbano','2350.00'),
(30,'Transporte urbano','1035.00'),
(31,'Transporte interprovincial','11200.00'),
(32,'Transporte interprovincial','10800.00'),
(33,'Transporte interprovincial','9700.00'),
(34,'Transporte interprovincial','10100.00'),
(35,'Transporte interprovincial','11700.00'),
(36,'Transporte interprovincial','40700.00'),
(37,'Transporte interprovincial','41800.00'),
(38,'Transporte interprovincial','12600.00'),
(39,'Transporte interprovincial','10500.00'),
(40,'Transporte interprovincial','9900.00');

INSERT INTO auditoria_costos (solicitud_id, fecha, costo_estimado, costo_real, notas) VALUES
(4,'2025-11-14 12:00:00',1100.00,1150.00,'Diferencia por peajes'),
(5,'2025-11-13 09:00:00',800.00,820.00,'Maniobras adicionales'),
(10,'2025-11-12 07:30:00',1000.00,1020.00,'Condiciones de tránsito'),
(30,'2025-11-11 09:30:00',1020.00,1035.00,'Trafico urbano');